id,title,description,availability,condition,price,link,image_link,brand,custom_label_0
tov_item_1777480501499_vq6x6,"Chana Masala","Chana Masala",in stock,new,5.99 GBP,https://tasteofvillagerestaurants.co.uk/menu,https://tasteofvillagerestaurants.co.uk/assets/tov-logo-tree-terracotta-alpha.png,Taste of Village,"Desi Handi"
tov_item_1777480501499_qapc9,"Muttar Paneer","Muttar Paneer",in stock,new,7.49 GBP,https://tasteofvillagerestaurants.co.uk/menu,https://tasteofvillagerestaurants.co.uk/assets/tov-logo-tree-terracotta-alpha.png,Taste of Village,"Desi Handi"
tov_item_1777480501499_rdvk7,"Aloo Gobi","Aloo Gobi",in stock,new,5 GBP,https://tasteofvillagerestaurants.co.uk/menu,https://tasteofvillagerestaurants.co.uk/assets/menu/mix_vegetable.webp,Taste of Village,"Desi Handi"
tov_item_1777480501499_6j1g1,"Saag Paneer","Saag Paneer",in stock,new,7.49 GBP,https://tasteofvillagerestaurants.co.uk/menu,https://tasteofvillagerestaurants.co.uk/assets/tov-logo-tree-terracotta-alpha.png,Taste of Village,"Desi Handi"
tov_item_1777480501499_rn5hh,"Tadka Daal","Tadka Daal",in stock,new,5 GBP,https://tasteofvillagerestaurants.co.uk/menu,https://tasteofvillagerestaurants.co.uk/assets/deliveroo/daal_makhni.webp,Taste of Village,"Desi Handi"
tov_item_1777480501499_2diy7,"Chana Daal","Chana Daal",in stock,new,5 GBP,https://tasteofvillagerestaurants.co.uk/menu,https://tasteofvillagerestaurants.co.uk/assets/menu/chana_daal.webp,Taste of Village,"Desi Handi"
tov_item_1777480501499_nm8u4,"Kidney Beans (Rajma)","Kidney Beans (Rajma)",in stock,new,5 GBP,https://tasteofvillagerestaurants.co.uk/menu,https://tasteofvillagerestaurants.co.uk/assets/tov-logo-tree-terracotta-alpha.png,Taste of Village,"Desi Handi"
tov_item_1777480501499_d2108,"Bhindi","Bhindi",in stock,new,7.49 GBP,https://tasteofvillagerestaurants.co.uk/menu,https://tasteofvillagerestaurants.co.uk/assets/tov-logo-tree-terracotta-alpha.png,Taste of Village,"Desi Handi"
tov_item_1777480501499_u7p9r,"Daal Makhni","Daal Makhni",in stock,new,7.49 GBP,https://tasteofvillagerestaurants.co.uk/menu,https://tasteofvillagerestaurants.co.uk/assets/menu/daal_makhni.webp,Taste of Village,"Desi Handi"
tov_item_1777480501499_vl23c,"Kadhi Pakoda","Kadhi Pakoda",in stock,new,6.99 GBP,https://tasteofvillagerestaurants.co.uk/menu,https://tasteofvillagerestaurants.co.uk/assets/tov-logo-tree-terracotta-alpha.png,Taste of Village,"Desi Handi"
tov_item_1777480501499_66px6,"Paneer Tikka Masala","Paneer Tikka Masala",in stock,new,8.49 GBP,https://tasteofvillagerestaurants.co.uk/menu,https://tasteofvillagerestaurants.co.uk/assets/tov-logo-tree-terracotta-alpha.png,Taste of Village,"Desi Handi"
tov_item_1777480501499_89m7q,"Lamb Nihari","Slow-cooked tender beef in a rich, aromatic gravy infused with traditional Pakistani spices, ginger, and herbs.",in stock,new,11.49 GBP,https://tasteofvillagerestaurants.co.uk/menu,https://tasteofvillagerestaurants.co.uk/assets/menu/nihari_dish.webp,Taste of Village,"Curries Salan Se"
tov_item_1777480501499_yznwr,"Lamb Haleem","Lamb Haleem",in stock,new,9.49 GBP,https://tasteofvillagerestaurants.co.uk/menu,https://tasteofvillagerestaurants.co.uk/assets/menu/haleem_dish.webp,Taste of Village,"Curries Salan Se"
tov_item_1777480501499_0olfp,"Lamb Paya","Lamb Paya",in stock,new,9.49 GBP,https://tasteofvillagerestaurants.co.uk/menu,https://tasteofvillagerestaurants.co.uk/assets/menu/lamb_paya.webp,Taste of Village,"Curries Salan Se"
tov_item_1777480501499_ixovx,"Lamb Curry","Lamb Curry",in stock,new,9.99 GBP,https://tasteofvillagerestaurants.co.uk/menu,https://tasteofvillagerestaurants.co.uk/assets/tov-logo-tree-terracotta-alpha.png,Taste of Village,"Curries Salan Se"
tov_item_1777480501499_3p4u4,"Lamb Qeema","Lamb Qeema",in stock,new,8.99 GBP,https://tasteofvillagerestaurants.co.uk/menu,https://tasteofvillagerestaurants.co.uk/assets/tov-logo-tree-terracotta-alpha.png,Taste of Village,"Curries Salan Se"
tov_item_1777480501499_y5eyk,"Daal Gosht","Daal Gosht",in stock,new,9.49 GBP,https://tasteofvillagerestaurants.co.uk/menu,https://tasteofvillagerestaurants.co.uk/assets/deliveroo/daal_makhni.webp,Taste of Village,"Curries Salan Se"
tov_item_1777480501499_1x4g0,"Saag Gosht","Saag Gosht",in stock,new,9.49 GBP,https://tasteofvillagerestaurants.co.uk/menu,https://tasteofvillagerestaurants.co.uk/assets/menu/saag_gosht.webp,Taste of Village,"Curries Salan Se"
tov_item_1777480501499_py9v3,"Chicken Curry (Boneless)","Chicken Curry (Boneless)",in stock,new,8.49 GBP,https://tasteofvillagerestaurants.co.uk/menu,https://tasteofvillagerestaurants.co.uk/assets/tov-logo-tree-terracotta-alpha.png,Taste of Village,"Curries Salan Se"
tov_item_1777480501499_uu0vf,"Chana Chicken","Chana Chicken",in stock,new,8.49 GBP,https://tasteofvillagerestaurants.co.uk/menu,https://tasteofvillagerestaurants.co.uk/assets/tov-logo-tree-terracotta-alpha.png,Taste of Village,"Curries Salan Se"
tov_item_1777480501499_xlggl,"Chilli Chicken","Chilli Chicken",in stock,new,8.49 GBP,https://tasteofvillagerestaurants.co.uk/menu,https://tasteofvillagerestaurants.co.uk/assets/tov-logo-tree-terracotta-alpha.png,Taste of Village,"Curries Salan Se"
tov_item_1777480501499_wzlsx,"Saag Chicken","Saag Chicken",in stock,new,8.49 GBP,https://tasteofvillagerestaurants.co.uk/menu,https://tasteofvillagerestaurants.co.uk/assets/tov-logo-tree-terracotta-alpha.png,Taste of Village,"Curries Salan Se"
tov_item_1777480501499_1iurz,"Butter Chicken","Butter Chicken",in stock,new,8.49 GBP,https://tasteofvillagerestaurants.co.uk/menu,https://tasteofvillagerestaurants.co.uk/assets/chicken_karahi_hero.webp,Taste of Village,"Curries Salan Se"
tov_item_1777480501499_bzxv4,"Chicken Tikka Masala","Chicken Tikka Masala",in stock,new,9.99 GBP,https://tasteofvillagerestaurants.co.uk/menu,https://tasteofvillagerestaurants.co.uk/assets/menu/chicken_tikka.webp,Taste of Village,"Curries Salan Se"
tov_item_1777480501499_b5opd,"Achari Chicken","Achari Chicken",in stock,new,8.99 GBP,https://tasteofvillagerestaurants.co.uk/menu,https://tasteofvillagerestaurants.co.uk/assets/tov-logo-tree-terracotta-alpha.png,Taste of Village,"Curries Salan Se"
tov_item_1777480501499_acc0p,"Chicken Jalfrezi","Chicken Jalfrezi",in stock,new,8.99 GBP,https://tasteofvillagerestaurants.co.uk/menu,https://tasteofvillagerestaurants.co.uk/assets/tov-logo-tree-terracotta-alpha.png,Taste of Village,"Curries Salan Se"
tov_item_1777480501499_balw7,"Mushroom Karahi","Mushroom Karahi",in stock,new,7.99 GBP,https://tasteofvillagerestaurants.co.uk/menu,https://tasteofvillagerestaurants.co.uk/assets/deliveroo/lamb_karahi.webp,Taste of Village,"Desi Handi"
tov_item_1777480501499_jgrug,"Lamb Karahi (On The Bone)","Lamb Karahi (On The Bone)",in stock,new,9.49 GBP,https://tasteofvillagerestaurants.co.uk/menu,https://tasteofvillagerestaurants.co.uk/assets/menu/lamb_karahi.webp,Taste of Village,"Curries Salan Se"
tov_item_1777480501499_c6wi9,"Chicken Karahi","Chicken Karahi",in stock,new,8.49 GBP,https://tasteofvillagerestaurants.co.uk/menu,https://tasteofvillagerestaurants.co.uk/assets/menu/chicken_karahi.webp,Taste of Village,"Curries Salan Se"
tov_item_1777480501499_3mkgb,"Kebab Masala","Kebab Masala",in stock,new,14.99 GBP,https://tasteofvillagerestaurants.co.uk/menu,https://tasteofvillagerestaurants.co.uk/assets/tov-logo-tree-terracotta-alpha.png,Taste of Village,"Karahi E Khaas"
tov_item_1777480501499_qv0hq,"Tawa Fish Karahi","Tawa Fish Karahi",in stock,new,14.99 GBP,https://tasteofvillagerestaurants.co.uk/menu,https://tasteofvillagerestaurants.co.uk/assets/deliveroo/lamb_karahi.webp,Taste of Village,"Karahi E Khaas"
tov_item_1777480501499_uovsq,"Chicken Pulao","Chicken Pulao",in stock,new,7.49 GBP,https://tasteofvillagerestaurants.co.uk/menu,https://tasteofvillagerestaurants.co.uk/assets/menu/afghani_pulao.webp,Taste of Village,"Weekend Special"
tov_item_1777480501499_cv83y,"Halwa Puri","Halwa Puri",in stock,new,7.49 GBP,https://tasteofvillagerestaurants.co.uk/menu,https://tasteofvillagerestaurants.co.uk/assets/menu/halwa_puri.webp,Taste of Village,"Weekend Special"
tov_item_1777480501499_xs1ra,"Cholay Bhaturay","Cholay Bhaturay",in stock,new,7.99 GBP,https://tasteofvillagerestaurants.co.uk/menu,https://tasteofvillagerestaurants.co.uk/assets/deliveroo/tandoori_naan.webp,Taste of Village,"Weekend Special"
tov_item_1777480501499_3onzv,"Chaplii Kebab Chicken","Chaplii Kebab Chicken",in stock,new,4.99 GBP,https://tasteofvillagerestaurants.co.uk/menu,https://tasteofvillagerestaurants.co.uk/assets/menu/chicken_shish_kebab.webp,Taste of Village,"Talaa Hua Zaiqah"
tov_item_1777480501499_cvpg3,"Chaplii Kebab Lamb","Chaplii Kebab Lamb",in stock,new,6.49 GBP,https://tasteofvillagerestaurants.co.uk/menu,https://tasteofvillagerestaurants.co.uk/assets/tov-logo-tree-terracotta-alpha.png,Taste of Village,"Talaa Hua Zaiqah"
tov_item_1777480501499_b5x9x,"Roti","Roti",in stock,new,0.99 GBP,https://tasteofvillagerestaurants.co.uk/menu,https://tasteofvillagerestaurants.co.uk/assets/deliveroo/tandoori_naan.webp,Taste of Village,"Naan N Roti"
tov_item_1777480501499_taghc,"Naan","Naan",in stock,new,0.99 GBP,https://tasteofvillagerestaurants.co.uk/menu,https://tasteofvillagerestaurants.co.uk/assets/deliveroo/tandoori_naan.webp,Taste of Village,"Naan N Roti"
tov_item_1777480501499_s11ge,"Ajwain Naan","Ajwain Naan",in stock,new,1.99 GBP,https://tasteofvillagerestaurants.co.uk/menu,https://tasteofvillagerestaurants.co.uk/assets/deliveroo/tandoori_naan.webp,Taste of Village,"Naan N Roti"
tov_item_1777480501499_o9pr2,"Zeera Naan","Zeera Naan",in stock,new,1.99 GBP,https://tasteofvillagerestaurants.co.uk/menu,https://tasteofvillagerestaurants.co.uk/assets/deliveroo/tandoori_naan.webp,Taste of Village,"Naan N Roti"
tov_item_1777480501499_3g9h4,"Garlic","Garlic",in stock,new,1.99 GBP,https://tasteofvillagerestaurants.co.uk/menu,https://tasteofvillagerestaurants.co.uk/assets/tov-logo-tree-terracotta-alpha.png,Taste of Village,"Naan N Roti"
tov_item_1777480501499_io09b,"Garlic And Chilli Naan","Garlic And Chilli Naan",in stock,new,2.49 GBP,https://tasteofvillagerestaurants.co.uk/menu,https://tasteofvillagerestaurants.co.uk/assets/deliveroo/tandoori_naan.webp,Taste of Village,"Naan N Roti"
tov_item_1777480501499_2kr2h,"Cheese Garlic Naan","Cheese Garlic Naan",in stock,new,2.99 GBP,https://tasteofvillagerestaurants.co.uk/menu,https://tasteofvillagerestaurants.co.uk/assets/deliveroo/tandoori_naan.webp,Taste of Village,"Naan N Roti"
tov_item_1777480501499_6sait,"Cheese Naan","Cheese Naan",in stock,new,3.79 GBP,https://tasteofvillagerestaurants.co.uk/menu,https://tasteofvillagerestaurants.co.uk/assets/deliveroo/tandoori_naan.webp,Taste of Village,"Naan N Roti"
tov_item_1777480501499_xgbg5,"Qeema Naan","Qeema Naan",in stock,new,4.79 GBP,https://tasteofvillagerestaurants.co.uk/menu,https://tasteofvillagerestaurants.co.uk/assets/deliveroo/tandoori_naan.webp,Taste of Village,"Naan N Roti"
tov_item_1777480501499_ahc52,"Chilli Naan","Chilli Naan",in stock,new,1.99 GBP,https://tasteofvillagerestaurants.co.uk/menu,https://tasteofvillagerestaurants.co.uk/assets/deliveroo/tandoori_naan.webp,Taste of Village,"Naan N Roti"
tov_item_1777480501499_eye5m,"Plain Kulcha","Plain Kulcha",in stock,new,2.49 GBP,https://tasteofvillagerestaurants.co.uk/menu,https://tasteofvillagerestaurants.co.uk/assets/deliveroo/tandoori_naan.webp,Taste of Village,"Lahori Kulchas"
tov_item_1777480501499_jzz41,"Onion Kulcha","Onion Kulcha",in stock,new,3.49 GBP,https://tasteofvillagerestaurants.co.uk/menu,https://tasteofvillagerestaurants.co.uk/assets/deliveroo/tandoori_naan.webp,Taste of Village,"Lahori Kulchas"
tov_item_1777480501499_j3cm7,"Paneer Kulcha","Paneer Kulcha",in stock,new,3.99 GBP,https://tasteofvillagerestaurants.co.uk/menu,https://tasteofvillagerestaurants.co.uk/assets/tov-logo-tree-terracotta-alpha.png,Taste of Village,"Lahori Kulchas"
tov_item_1777480501499_wgqnr,"Aalo Kulcha","Aalo Kulcha",in stock,new,3.49 GBP,https://tasteofvillagerestaurants.co.uk/menu,https://tasteofvillagerestaurants.co.uk/assets/deliveroo/tandoori_naan.webp,Taste of Village,"Lahori Kulchas"
tov_item_1777480501499_lukdx,"Gobi Kulcha","Gobi Kulcha",in stock,new,3.49 GBP,https://tasteofvillagerestaurants.co.uk/menu,https://tasteofvillagerestaurants.co.uk/assets/deliveroo/tandoori_naan.webp,Taste of Village,"Lahori Kulchas"
tov_item_1777480501499_bun6g,"Mix Kulcha","Mix Kulcha",in stock,new,3.99 GBP,https://tasteofvillagerestaurants.co.uk/menu,https://tasteofvillagerestaurants.co.uk/assets/deliveroo/tandoori_naan.webp,Taste of Village,"Lahori Kulchas"
tov_item_1777480501499_n9sqx,"Lachha Paratha","Lachha Paratha",in stock,new,2.49 GBP,https://tasteofvillagerestaurants.co.uk/menu,https://tasteofvillagerestaurants.co.uk/assets/deliveroo/tandoori_naan.webp,Taste of Village,"Parathas"
tov_item_1777480501499_rzfuu,"Tandoori Paratha","Tandoori Paratha",in stock,new,2.49 GBP,https://tasteofvillagerestaurants.co.uk/menu,https://tasteofvillagerestaurants.co.uk/assets/deliveroo/tandoori_naan.webp,Taste of Village,"Parathas"
tov_item_1777480501499_fsg3q,"Aloo Stuffed Paratha","Aloo Stuffed Paratha",in stock,new,3.49 GBP,https://tasteofvillagerestaurants.co.uk/menu,https://tasteofvillagerestaurants.co.uk/assets/deliveroo/tandoori_naan.webp,Taste of Village,"Parathas"
tov_item_1777480501499_qqype,"Gobi Stuffed Paratha","Gobi Stuffed Paratha",in stock,new,3.49 GBP,https://tasteofvillagerestaurants.co.uk/menu,https://tasteofvillagerestaurants.co.uk/assets/deliveroo/tandoori_naan.webp,Taste of Village,"Parathas"
tov_item_1777480501499_ijkcn,"Paneer Paratha","Paneer Paratha",in stock,new,3.99 GBP,https://tasteofvillagerestaurants.co.uk/menu,https://tasteofvillagerestaurants.co.uk/assets/tov-logo-tree-terracotta-alpha.png,Taste of Village,"Parathas"
tov_item_1777480501499_q8ak0,"Mooli Stuffed Paratha","Mooli Stuffed Paratha",in stock,new,3.99 GBP,https://tasteofvillagerestaurants.co.uk/menu,https://tasteofvillagerestaurants.co.uk/assets/deliveroo/tandoori_naan.webp,Taste of Village,"Parathas"
tov_item_1777480501499_sodln,"Mixed Paratha","Mixed Paratha",in stock,new,3.99 GBP,https://tasteofvillagerestaurants.co.uk/menu,https://tasteofvillagerestaurants.co.uk/assets/deliveroo/tandoori_naan.webp,Taste of Village,"Parathas"
tov_item_1777480501499_vfyhc,"Cheese Stuffed Paratha","Cheese Stuffed Paratha",in stock,new,3.99 GBP,https://tasteofvillagerestaurants.co.uk/menu,https://tasteofvillagerestaurants.co.uk/assets/deliveroo/tandoori_naan.webp,Taste of Village,"Parathas"
tov_item_1777480501499_oj0gg,"Chicken Cheese Paratha","Chicken Cheese Paratha",in stock,new,4.99 GBP,https://tasteofvillagerestaurants.co.uk/menu,https://tasteofvillagerestaurants.co.uk/assets/deliveroo/tandoori_naan.webp,Taste of Village,"Parathas"
tov_item_1777480501499_vvhm8,"Anda Paratha","Anda Paratha",in stock,new,4.99 GBP,https://tasteofvillagerestaurants.co.uk/menu,https://tasteofvillagerestaurants.co.uk/assets/deliveroo/tandoori_naan.webp,Taste of Village,"Parathas"
tov_item_1777480501499_fv4wa,"Village Special Platter (Serves 2)","1 Chicken Biryani, 2 Pcs Kebab (Lamb), 2 Naan, Raita, Salad, Chana Daal",in stock,new,19.99 GBP,https://tasteofvillagerestaurants.co.uk/menu,https://tasteofvillagerestaurants.co.uk/assets/menu/bbq_platter.webp,Taste of Village,"Village Special Platters"
tov_item_1777480501499_zo6fe,"Village Special Platter (Serves 4)","Veg Pulao, Chicken Karahi, 2 Kulcha, 2 Roti, Raita, Salad, 1.5L Drink, 2 Kheer",in stock,new,29.99 GBP,https://tasteofvillagerestaurants.co.uk/menu,https://tasteofvillagerestaurants.co.uk/assets/menu/bbq_platter.webp,Taste of Village,"Village Special Platters"
tov_item_1777480501499_77x42,"Rice Platter (Serves 2)","Pilau Rice, 4pc Kebab, 1 Skewer Chicken Tikka, 1 Chapal Kebab, Mint Sauce, Chilli Sauce, Sweet Sauce, Salad, 2 Can Drinks",in stock,new,24.99 GBP,https://tasteofvillagerestaurants.co.uk/menu,https://tasteofvillagerestaurants.co.uk/assets/tov-logo-tree-terracotta-alpha.png,Taste of Village,"Village Special Platters"
tov_item_1777480501499_yd189,"Village Rice Brunch Offer","(From 12PM to 3PM) Pilau Rice, 2 Shami Kebab, Can Drink",in stock,new,7.99 GBP,https://tasteofvillagerestaurants.co.uk/menu,https://tasteofvillagerestaurants.co.uk/assets/tov-logo-tree-terracotta-alpha.png,Taste of Village,"Village Brunch Special"
tov_item_1777480501499_qevqm,"Village Brunch Special","(Mon-Thu) Pilau Rice, 4pc Kebab, 1 Skewer Chicken Tikka, 1 Chapal Kebab, Mint Sauce, Chilli Sauce, Sweet Sauce, Salad, 2 Can Drinks",in stock,new,19.99 GBP,https://tasteofvillagerestaurants.co.uk/menu,https://tasteofvillagerestaurants.co.uk/assets/tov-logo-tree-terracotta-alpha.png,Taste of Village,"Village Brunch Special"
tov_item_1777480501499_9o76d,"Weekend Brunch","(Fri-Sun 10am-2pm) 2 Puri, Halwa, Chana Masala, Aloo Gobi or Tarka Dal, 2 Naan, 1 Can, 1 Lassi, Salad & Raita. Serves 2-3 Persons",in stock,new,19.99 GBP,https://tasteofvillagerestaurants.co.uk/menu,https://tasteofvillagerestaurants.co.uk/assets/menu/halwa_puri.webp,Taste of Village,"Village Brunch Special"
tov_item_1777480501499_9veff,"Mughlai Khaas","🍗 Mughlai chicken tikka, 4pc kebab, 4pc lamb chops, lamb tikka, 4pc haryali tikka, malai tikka, chicken wings.
🥗 Served with 3 naan, fresh salad, mint sauce & chilli sauce.
🥤 Includes 1.5L drink.",in stock,new,59.49 GBP,https://tasteofvillagerestaurants.co.uk/menu,https://tasteofvillagerestaurants.co.uk/assets/tov-logo-tree-terracotta-alpha.png,Taste of Village,"Bbq Platter"
tov_item_1777480501499_n2c5n,"Murgh Nashist","🍗 1 Chicken tikka, 2pc kebab, lamb tikka, 2pc lamb chops.
🥗 Served with fresh salad, mint sauce & chilli sauce.
🥤 Includes 1.5L drink.",in stock,new,29.49 GBP,https://tasteofvillagerestaurants.co.uk/menu,https://tasteofvillagerestaurants.co.uk/assets/tov-logo-tree-terracotta-alpha.png,Taste of Village,"Bbq Platter"
tov_item_1777480501499_lx5hm,"Tandoor E Khaas (Serves 2)","🍗 1 Chicken tikka, 2pc kebab, lamb tikka, 2pc lamb chops.
🥗 Served with fresh salad, mint sauce & chilli sauce.
🥤 Includes 1.5L drink.",in stock,new,18.49 GBP,https://tasteofvillagerestaurants.co.uk/menu,https://tasteofvillagerestaurants.co.uk/assets/menu/bbq_platter.webp,Taste of Village,"Bbq Platter"
tov_item_1777480501499_ppzmi,"Gajar Halwa With (2 PCS) Gulab Jamun","Gajar Halwa With (2 PCS) Gulab Jamun",in stock,new,5.49 GBP,https://tasteofvillagerestaurants.co.uk/menu,https://tasteofvillagerestaurants.co.uk/assets/tov-logo-tree-terracotta-alpha.png,Taste of Village,"Desserts"
tov_item_1777480501499_9nq47,"Rasmalai (2 PCS)","Rasmalai (2 PCS)",in stock,new,3.99 GBP,https://tasteofvillagerestaurants.co.uk/menu,https://tasteofvillagerestaurants.co.uk/assets/tov-logo-tree-terracotta-alpha.png,Taste of Village,"Desserts"
tov_item_1777480501499_5iast,"Kheer (250g)","Kheer (250g)",in stock,new,2.99 GBP,https://tasteofvillagerestaurants.co.uk/menu,https://tasteofvillagerestaurants.co.uk/assets/tov-logo-tree-terracotta-alpha.png,Taste of Village,"Desserts"
tov_item_1777480501499_4t5k5,"Gulab Jamun (2 PCS) With Kulfi","(Pistachio or Mango Ice Cream)",in stock,new,3.99 GBP,https://tasteofvillagerestaurants.co.uk/menu,https://tasteofvillagerestaurants.co.uk/assets/tov-logo-tree-terracotta-alpha.png,Taste of Village,"Desserts"
tov_item_1777480501499_j6vqe,"Sooji Halwa (Weekend Only)","Sooji Halwa (Weekend Only)",in stock,new,3.99 GBP,https://tasteofvillagerestaurants.co.uk/menu,https://tasteofvillagerestaurants.co.uk/assets/tov-logo-tree-terracotta-alpha.png,Taste of Village,"Desserts"
tov_item_1777480501499_0arzh,"Gajar Halwa With Rabri","Gajar Halwa With Rabri",in stock,new,5.99 GBP,https://tasteofvillagerestaurants.co.uk/menu,https://tasteofvillagerestaurants.co.uk/assets/tov-logo-tree-terracotta-alpha.png,Taste of Village,"Desserts"
tov_item_1777480501499_kgfcu,"Lamb Seekh Kebab (4PC)","Served with fresh salad & signature sauce.",in stock,new,6.49 GBP,https://tasteofvillagerestaurants.co.uk/menu,https://tasteofvillagerestaurants.co.uk/assets/menu/lamb_seekh_kebab.webp,Taste of Village,"Bbq Tandoor Se"
tov_item_1777480501499_o6xz5,"Lamb Tikka (1 Skewer)","Served with fresh salad & signature sauce.",in stock,new,7.99 GBP,https://tasteofvillagerestaurants.co.uk/menu,https://tasteofvillagerestaurants.co.uk/assets/tov-logo-tree-terracotta-alpha.png,Taste of Village,"Bbq Tandoor Se"
tov_item_1777480501499_37fer,"Lamb Chops (4PC)","Served with fresh salad & signature sauce.",in stock,new,7.99 GBP,https://tasteofvillagerestaurants.co.uk/menu,https://tasteofvillagerestaurants.co.uk/assets/menu/lamb_chops_4pc.webp,Taste of Village,"Bbq Tandoor Se"
tov_item_1777480501499_re9oc,"Chilli Paneer","Served with fresh salad & signature sauce.",in stock,new,7.49 GBP,https://tasteofvillagerestaurants.co.uk/menu,https://tasteofvillagerestaurants.co.uk/assets/tov-logo-tree-terracotta-alpha.png,Taste of Village,"Bbq Tandoor Se"
tov_item_1777480501499_luce3,"Chicken Wings (5PC)","Served with fresh salad & signature sauce.",in stock,new,6.99 GBP,https://tasteofvillagerestaurants.co.uk/menu,https://tasteofvillagerestaurants.co.uk/assets/tov-logo-tree-terracotta-alpha.png,Taste of Village,"Bbq Tandoor Se"
tov_item_1777480501499_yhlq0,"Chicken Tikka","Served with fresh salad & signature sauce.",in stock,new,7.49 GBP,https://tasteofvillagerestaurants.co.uk/menu,https://tasteofvillagerestaurants.co.uk/assets/menu/chicken_tikka.webp,Taste of Village,"Bbq Tandoor Se"
tov_item_1777480501499_x4c7k,"Malai Tikka","Served with fresh salad & signature sauce.",in stock,new,7.49 GBP,https://tasteofvillagerestaurants.co.uk/menu,https://tasteofvillagerestaurants.co.uk/assets/menu/malai_boti.webp,Taste of Village,"Bbq Tandoor Se"
tov_item_1777480501499_ijd7m,"Paneer Tikka (1 Skewer)","Served with fresh salad & signature sauce.",in stock,new,6.99 GBP,https://tasteofvillagerestaurants.co.uk/menu,https://tasteofvillagerestaurants.co.uk/assets/tov-logo-tree-terracotta-alpha.png,Taste of Village,"Bbq Tandoor Se"
tov_item_1777480501499_f5e7m,"Haryali Tikka","Served with fresh salad & signature sauce.",in stock,new,7.49 GBP,https://tasteofvillagerestaurants.co.uk/menu,https://tasteofvillagerestaurants.co.uk/assets/menu/haryali_boti.webp,Taste of Village,"Bbq Tandoor Se"
tov_item_1777480501499_i5v8u,"Make it a deal for extra","Make it a deal for extra",in stock,new,2.99 GBP,https://tasteofvillagerestaurants.co.uk/menu,https://tasteofvillagerestaurants.co.uk/assets/tov-logo-tree-terracotta-alpha.png,Taste of Village,"Burgers"
tov_item_1777480501499_ztvkv,"Desi Noodle Burger","Aloo Tikki, Paneer Tikki, Veg Noodles, Salad & Sauces",in stock,new,5.49 GBP,https://tasteofvillagerestaurants.co.uk/menu,https://tasteofvillagerestaurants.co.uk/assets/tov-logo-tree-terracotta-alpha.png,Taste of Village,"Burgers"
tov_item_1777480501499_g983u,"Aloo Tikki Burger","Bun, aloo tikki, salad & sauces",in stock,new,4.99 GBP,https://tasteofvillagerestaurants.co.uk/menu,https://tasteofvillagerestaurants.co.uk/assets/tov-logo-tree-terracotta-alpha.png,Taste of Village,"Burgers"
tov_item_1777480501499_zobg7,"Paneer Tikki Burger","Bun, paneer tikki, salad & sauces",in stock,new,4.99 GBP,https://tasteofvillagerestaurants.co.uk/menu,https://tasteofvillagerestaurants.co.uk/assets/tov-logo-tree-terracotta-alpha.png,Taste of Village,"Burgers"
tov_item_1777480501499_t69l9,"Veggie Noodles","Desi styled noodles stir fried with veggies & Sauces",in stock,new,6.49 GBP,https://tasteofvillagerestaurants.co.uk/menu,https://tasteofvillagerestaurants.co.uk/assets/tov-logo-tree-terracotta-alpha.png,Taste of Village,"Burgers"
tov_item_1777480501499_53lz0,"Chicken Noodles","Desi styled noodles stir fried with veggies chicken & sauces",in stock,new,7.49 GBP,https://tasteofvillagerestaurants.co.uk/menu,https://tasteofvillagerestaurants.co.uk/assets/tov-logo-tree-terracotta-alpha.png,Taste of Village,"Burgers"
tov_item_1777480501499_22xxi,"Kebab Roll","A flavourful roll filled with juicy kebab, crunchy veggies, and tangy sauce, perfect for a quick bite",in stock,new,6.49 GBP,https://tasteofvillagerestaurants.co.uk/menu,https://tasteofvillagerestaurants.co.uk/assets/menu/chicken_shish_kebab.webp,Taste of Village,"Rolls"
tov_item_1777480501499_n0ejj,"Lamb Tikka Roll","A flavourful roll filled with juicy lamb tikka roll, crunchy veggies, and tangy sauce, perfect for a quick bite",in stock,new,8.99 GBP,https://tasteofvillagerestaurants.co.uk/menu,https://tasteofvillagerestaurants.co.uk/assets/tov-logo-tree-terracotta-alpha.png,Taste of Village,"Rolls"
tov_item_1777480501499_gsxlm,"Mixed Roll","A flavourful roll filled with juicy mixed meat roll, crunchy veggies, and tangy sauce, perfect for a quick bite",in stock,new,9.99 GBP,https://tasteofvillagerestaurants.co.uk/menu,https://tasteofvillagerestaurants.co.uk/assets/tov-logo-tree-terracotta-alpha.png,Taste of Village,"Rolls"
tov_item_1777480501499_p9t36,"Chicken Tikka Roll","A flavourful roll filled with juicy chicken tikka, crunchy veggies and tangy sauce, perfect for a quick bite",in stock,new,8.49 GBP,https://tasteofvillagerestaurants.co.uk/menu,https://tasteofvillagerestaurants.co.uk/assets/menu/chicken_tikka.webp,Taste of Village,"Rolls"
tov_item_1777480501499_lf5x3,"Paneer Tikka Roll","A flavourful roll filled with juicy paneer tikka roll, crunchy veggies and tangy sauce, perfect for a quick bite",in stock,new,7.49 GBP,https://tasteofvillagerestaurants.co.uk/menu,https://tasteofvillagerestaurants.co.uk/assets/tov-logo-tree-terracotta-alpha.png,Taste of Village,"Rolls"
tov_item_1777480501499_8lnc1,"Plain Rice","Plain Rice",in stock,new,4.49 GBP,https://tasteofvillagerestaurants.co.uk/menu,https://tasteofvillagerestaurants.co.uk/assets/tov-logo-tree-terracotta-alpha.png,Taste of Village,"Biryani And Rice"
tov_item_1777480501499_1a0lz,"Vegetable Rice","Vegetable Rice",in stock,new,4.49 GBP,https://tasteofvillagerestaurants.co.uk/menu,https://tasteofvillagerestaurants.co.uk/assets/tov-logo-tree-terracotta-alpha.png,Taste of Village,"Biryani And Rice"
tov_item_1777480501499_ehy4e,"Chicken Biryani","Chicken Biryani",in stock,new,6.49 GBP,https://tasteofvillagerestaurants.co.uk/menu,https://tasteofvillagerestaurants.co.uk/assets/menu/chicken_biryani.webp,Taste of Village,"Biryani And Rice"
tov_item_1777480501499_plu08,"Lamb Biryani","Lamb Biryani",in stock,new,7.49 GBP,https://tasteofvillagerestaurants.co.uk/menu,https://tasteofvillagerestaurants.co.uk/assets/deliveroo/lamb_biryani.webp,Taste of Village,"Biryani And Rice"
tov_item_1777480501499_6b27i,"Vegetable Biryani","Vegetable Biryani",in stock,new,6.49 GBP,https://tasteofvillagerestaurants.co.uk/menu,https://tasteofvillagerestaurants.co.uk/assets/deliveroo/biryani_platter.webp,Taste of Village,"Biryani And Rice"
tov_item_1777480501499_hs0sb,"Chicken Tikka Biryani","Chicken Tikka Biryani",in stock,new,8.99 GBP,https://tasteofvillagerestaurants.co.uk/menu,https://tasteofvillagerestaurants.co.uk/assets/menu/chicken_biryani.webp,Taste of Village,"Biryani And Rice"
tov_item_1777480501499_0iub4,"Fried Rice","Fried Rice",in stock,new,5.99 GBP,https://tasteofvillagerestaurants.co.uk/menu,https://tasteofvillagerestaurants.co.uk/assets/tov-logo-tree-terracotta-alpha.png,Taste of Village,"Biryani And Rice"
tov_item_1777480501499_h2ggk,"Chicken Fried Rice","Chicken Fried Rice",in stock,new,7.49 GBP,https://tasteofvillagerestaurants.co.uk/menu,https://tasteofvillagerestaurants.co.uk/assets/tov-logo-tree-terracotta-alpha.png,Taste of Village,"Biryani And Rice"
tov_item_1777480501499_gajar_new,"Gajar Halwa (Carrot Halwa)","Gajar Halwa (Carrot Halwa)",in stock,new,5.99 GBP,https://tasteofvillagerestaurants.co.uk/menu,https://tasteofvillagerestaurants.co.uk/assets/tov-logo-tree-terracotta-alpha.png,Taste of Village,"Desserts"
tov_item_1777480501499_gulab_new,"Gulab Jamun (3 PCS)","Gulab Jamun (3 PCS)",in stock,new,3.49 GBP,https://tasteofvillagerestaurants.co.uk/menu,https://tasteofvillagerestaurants.co.uk/assets/tov-logo-tree-terracotta-alpha.png,Taste of Village,"Desserts"
tov_item_1777480501499_fruitchaat_new,"Fruit Chaat","Fruit Chaat",in stock,new,5.99 GBP,https://tasteofvillagerestaurants.co.uk/menu,https://tasteofvillagerestaurants.co.uk/assets/tov-logo-tree-terracotta-alpha.png,Taste of Village,"Weekend Special"
tov_item_1777480501499_chaat_new_0,"Sev Puri","Sev Puri",in stock,new,4.99 GBP,https://tasteofvillagerestaurants.co.uk/menu,https://tasteofvillagerestaurants.co.uk/assets/tov-logo-tree-terracotta-alpha.png,Taste of Village,"Chatkara Junction"
tov_item_1777480501499_chaat_new_1,"Gol Gappe","Gol Gappe",in stock,new,4.99 GBP,https://tasteofvillagerestaurants.co.uk/menu,https://tasteofvillagerestaurants.co.uk/assets/tov-logo-tree-terracotta-alpha.png,Taste of Village,"Chatkara Junction"
tov_item_1777480501499_chaat_new_2,"Dahi Bhalla Chaat","Dahi Bhalla Chaat",in stock,new,4.99 GBP,https://tasteofvillagerestaurants.co.uk/menu,https://tasteofvillagerestaurants.co.uk/assets/tov-logo-tree-terracotta-alpha.png,Taste of Village,"Chatkara Junction"
tov_item_1777480501499_chaat_new_3,"Papri Chaat","Papri Chaat",in stock,new,4.99 GBP,https://tasteofvillagerestaurants.co.uk/menu,https://tasteofvillagerestaurants.co.uk/assets/tov-logo-tree-terracotta-alpha.png,Taste of Village,"Chatkara Junction"
tov_item_1777480501499_chaat_new_4,"Aloo Tikki Chaat","Aloo Tikki Chaat",in stock,new,4.99 GBP,https://tasteofvillagerestaurants.co.uk/menu,https://tasteofvillagerestaurants.co.uk/assets/tov-logo-tree-terracotta-alpha.png,Taste of Village,"Chatkara Junction"
tov_item_1777480501499_chaat_new_5,"Mixed Chaat","Mixed Chaat",in stock,new,5.49 GBP,https://tasteofvillagerestaurants.co.uk/menu,https://tasteofvillagerestaurants.co.uk/assets/tov-logo-tree-terracotta-alpha.png,Taste of Village,"Chatkara Junction"
tov_item_1777480501499_chaat_new_6,"Samosa Chaat","Samosa Chaat",in stock,new,4.99 GBP,https://tasteofvillagerestaurants.co.uk/menu,https://tasteofvillagerestaurants.co.uk/assets/tov-logo-tree-terracotta-alpha.png,Taste of Village,"Chatkara Junction"
tov_item_1777480501499_pulao_rice_cat,"Chicken Pulao (Weekend Only)","Chicken Pulao (Weekend Only)",in stock,new,6.49 GBP,https://tasteofvillagerestaurants.co.uk/menu,https://tasteofvillagerestaurants.co.uk/assets/menu/afghani_pulao.webp,Taste of Village,"Biryani And Rice"
tov_item_1777480501499_50gml,"Shinwari Chicken","Shinwari Chicken",in stock,new,19.99 GBP,https://tasteofvillagerestaurants.co.uk/menu,https://tasteofvillagerestaurants.co.uk/assets/tov-logo-tree-terracotta-alpha.png,Taste of Village,"Karahi E Khaas"
tov_item_1777480501499_hr587,"Lamb Charsi Karahi","Lamb Charsi Karahi",in stock,new,24.99 GBP,https://tasteofvillagerestaurants.co.uk/menu,https://tasteofvillagerestaurants.co.uk/assets/menu/lamb_karahi.webp,Taste of Village,"Karahi E Khaas"
tov_item_1777480501499_scc48,"White Chicken Karahi","White Chicken Karahi",in stock,new,19.99 GBP,https://tasteofvillagerestaurants.co.uk/menu,https://tasteofvillagerestaurants.co.uk/assets/menu/chicken_karahi.webp,Taste of Village,"Karahi E Khaas"
tov_item_1777480501499_5t5sk,"Talii Hui Machli","Talii Hui Machli",in stock,new,8.49 GBP,https://tasteofvillagerestaurants.co.uk/menu,https://tasteofvillagerestaurants.co.uk/assets/tov-logo-tree-terracotta-alpha.png,Taste of Village,"Talaa Hua Zaiqah"
tov_item_1777480501499_p59hn,"Aloo Tikki","Aloo Tikki",in stock,new,4.49 GBP,https://tasteofvillagerestaurants.co.uk/menu,https://tasteofvillagerestaurants.co.uk/assets/tov-logo-tree-terracotta-alpha.png,Taste of Village,"Talaa Hua Zaiqah"
tov_item_1777480501499_txcof,"Sam-O-Say","Sam-O-Say",in stock,new,4.49 GBP,https://tasteofvillagerestaurants.co.uk/menu,https://tasteofvillagerestaurants.co.uk/assets/tov-logo-tree-terracotta-alpha.png,Taste of Village,"Talaa Hua Zaiqah"
tov_item_1777480501499_29aw4,"Chicken Pakoras","Chicken Pakoras",in stock,new,9.49 GBP,https://tasteofvillagerestaurants.co.uk/menu,https://tasteofvillagerestaurants.co.uk/assets/tov-logo-tree-terracotta-alpha.png,Taste of Village,"Talaa Hua Zaiqah"
tov_item_1777480501499_j9jom,"Talii Fish Pakora","Talii Fish Pakora",in stock,new,5.49 GBP,https://tasteofvillagerestaurants.co.uk/menu,https://tasteofvillagerestaurants.co.uk/assets/tov-logo-tree-terracotta-alpha.png,Taste of Village,"Talaa Hua Zaiqah"
tov_item_1777480501499_wjcjv,"Gulab Jamun (3 PCS) With Rabri","Gulab Jamun (3 PCS) With Rabri",in stock,new,5.99 GBP,https://tasteofvillagerestaurants.co.uk/menu,https://tasteofvillagerestaurants.co.uk/assets/tov-logo-tree-terracotta-alpha.png,Taste of Village,"Desserts"
tov_item_1777480501499_ghcg8,"Kebab","Served with fresh salad & signature sauce.",in stock,new,2 GBP,https://tasteofvillagerestaurants.co.uk/menu,https://tasteofvillagerestaurants.co.uk/assets/menu/chicken_shish_kebab.webp,Taste of Village,"Bbq Tandoor Se"
